Patent_ID,Title,Abstract,CPC_Class,Filing_Year,Citations
US202100001,Self-adjusting robotic surgical instrument (1),"Patent 1 details an invention related to self adjusting robotic surgical instrument. The core claims involve a unique combination of [Technology A], [Technology B], and [Innovation Metric].",B60R,2021,10
US202000002,Self-adjusting robotic surgical instrument (2),"Patent 2 details an invention related to self adjusting robotic surgical instrument. The core claims involve a unique combination of [Technology A], [Technology B], and [Innovation Metric].",A61B,2020,4
US202300003,Automated emotional recognition via voice analysis (3),"Patent 3 details an invention related to automated emotional recognition via voice analysis. The core claims involve a unique combination of [Technology A], [Technology B], and [Innovation Metric].",F03D,2023,7
US202200004,Electrostatic dust removal system for aerospace (4),"Patent 4 details an invention related to electrostatic dust removal system for aerospace. The core claims involve a unique combination of [Technology A], [Technology B], and [Innovation Metric].",A61B,2022,11
US201900005,AI-driven dynamic energy allocation system (5),"Patent 5 details an invention related to ai driven dynamic energy allocation system. The core claims involve a unique combination of [Technology A], [Technology B], and [Innovation Metric].",A61B,2019,10
US202100006,Automated emotional recognition via voice analysis (6),"Patent 6 details an invention related to automated emotional recognition via voice analysis. The core claims involve a unique combination of [Technology A], [Technology B], and [Innovation Metric].",G06F,2021,8
US202100007,Quantum computing error correction method (7),"Patent 7 details an invention related to quantum computing error correction method. The core claims involve a unique combination of [Technology A], [Technology B], and [Innovation Metric].",H04L,2021,12
US202200008,Self-adjusting robotic surgical instrument (8),"Patent 8 details an invention related to self adjusting robotic surgical instrument. The core claims involve a unique combination of [Technology A], [Technology B], and [Innovation Metric].",A61B,2022,2
US202100009,AI-driven dynamic energy allocation system (9),"Patent 9 details an invention related to ai driven dynamic energy allocation system. The core claims involve a unique combination of [Technology A], [Technology B], and [Innovation Metric].",A61B,2021,8
US201900010,Blockchain authenticated supply chain ledger (10),"Patent 10 details an invention related to blockchain authenticated supply chain ledger. The core claims involve a unique combination of [Technology A], [Technology B], and [Innovation Metric].",H04L,2019,5
US201900011,Solar panel efficiency booster using graphene oxide (11),"Patent 11 details an invention related to solar panel efficiency booster using graphene oxide. The core claims involve a unique combination of [Technology A], [Technology B], and [Innovation Metric].",G06F,2019,4
US202200012,Blockchain authenticated supply chain ledger (12),"Patent 12 details an invention related to blockchain authenticated supply chain ledger. The core claims involve a unique combination of [Technology A], [Technology B], and [Innovation Metric].",F03D,2022,3
US202400013,Haptic feedback virtual reality glove (13),"Patent 13 details an invention related to haptic feedback virtual reality glove. The core claims involve a unique combination of [Technology A], [Technology B], and [Innovation Metric].",F03D,2024,2
US201900014,Biometric security system using retinal scanning (14),"Patent 14 details an invention related to biometric security system using retinal scanning. The core claims involve a unique combination of [Technology A], [Technology B], and [Innovation Metric].",B60R,2019,6
US202100015,Self-adjusting robotic surgical instrument (15),"Patent 15 details an invention related to self adjusting robotic surgical instrument. The core claims involve a unique combination of [Technology A], [Technology B], and [Innovation Metric].",B60R,2021,11
US202200016,Automated emotional recognition via voice analysis (16),"Patent 16 details an invention related to automated emotional recognition via voice analysis. The core claims involve a unique combination of [Technology A], [Technology B], and [Innovation Metric].",G06F,2022,2
US201900017,Adaptive cooling technology for server farms (17),"Patent 17 details an invention related to adaptive cooling technology for server farms. The core claims involve a unique combination of [Technology A], [Technology B], and [Innovation Metric].",F03D,2019,0
US202400018,Predictive maintenance for wind turbines using edge AI (18),"Patent 18 details an invention related to predictive maintenance for wind turbines using edge ai. The core claims involve a unique combination of [Technology A], [Technology B], and [Innovation Metric].",F03D,2024,9
US201800019,AI-driven dynamic energy allocation system (19),"Patent 19 details an invention related to ai driven dynamic energy allocation system. The core claims involve a unique combination of [Technology A], [Technology B], and [Innovation Metric].",F03D,2018,10
US202100020,Solar panel efficiency booster using graphene oxide (20),"Patent 20 details an invention related to solar panel efficiency booster using graphene oxide. The core claims involve a unique combination of [Technology A], [Technology B], and [Innovation Metric].",H04L,2021,9
US201900021,Electrostatic dust removal system for aerospace (21),"Patent 21 details an invention related to electrostatic dust removal system for aerospace. The core claims involve a unique combination of [Technology A], [Technology B], and [Innovation Metric].",F03D,2019,11
US201900022,Advanced drone navigation via atmospheric monitoring (22),"Patent 22 details an invention related to advanced drone navigation via atmospheric monitoring. The core claims involve a unique combination of [Technology A], [Technology B], and [Innovation Metric].",H04L,2019,9
US201900023,Decentralized autonomous organization (DAO) framework (23),"Patent 23 details an invention related to decentralized autonomous organization (dao) framework. The core claims involve a unique combination of [Technology A], [Technology B], and [Innovation Metric].",F03D,2019,11
US202000024,Biometric security system using retinal scanning (24),"Patent 24 details an invention related to biometric security system using retinal scanning. The core claims involve a unique combination of [Technology A], [Technology B], and [Innovation Metric].",A61B,2020,10
US202400025,AI-driven dynamic energy allocation system (25),"Patent 25 details an invention related to ai driven dynamic energy allocation system. The core claims involve a unique combination of [Technology A], [Technology B], and [Innovation Metric].",H04L,2024,1
US202300026,Adaptive cooling technology for server farms (26),"Patent 26 details an invention related to adaptive cooling technology for server farms. The core claims involve a unique combination of [Technology A], [Technology B], and [Innovation Metric].",H04L,2023,13
US202100027,Blockchain authenticated supply chain ledger (27),"Patent 27 details an invention related to blockchain authenticated supply chain ledger. The core claims involve a unique combination of [Technology A], [Technology B], and [Innovation Metric].",G06F,2021,5
US202300028,Adaptive cooling technology for server farms (28),"Patent 28 details an invention related to adaptive cooling technology for server farms. The core claims involve a unique combination of [Technology A], [Technology B], and [Innovation Metric].",B60R,2023,1
US202200029,Haptic feedback virtual reality glove (29),"Patent 29 details an invention related to haptic feedback virtual reality glove. The core claims involve a unique combination of [Technology A], [Technology B], and [Innovation Metric].",A61B,2022,13
US201800030,Decentralized autonomous organization (DAO) framework (30),"Patent 30 details an invention related to decentralized autonomous organization (dao) framework. The core claims involve a unique combination of [Technology A], [Technology B], and [Innovation Metric].",H04L,2018,8
US201900031,Self-adjusting robotic surgical instrument (31),"Patent 31 details an invention related to self adjusting robotic surgical instrument. The core claims involve a unique combination of [Technology A], [Technology B], and [Innovation Metric].",B60R,2019,14
US202200032,Advanced drone navigation via atmospheric monitoring (32),"Patent 32 details an invention related to advanced drone navigation via atmospheric monitoring. The core claims involve a unique combination of [Technology A], [Technology B], and [Innovation Metric].",H04L,2022,3
US202200033,Solar panel efficiency booster using graphene oxide (33),"Patent 33 details an invention related to solar panel efficiency booster using graphene oxide. The core claims involve a unique combination of [Technology A], [Technology B], and [Innovation Metric].",B60R,2022,7
US202000034,AI-driven dynamic energy allocation system (34),"Patent 34 details an invention related to ai driven dynamic energy allocation system. The core claims involve a unique combination of [Technology A], [Technology B], and [Innovation Metric].",A61B,2020,0
US202300035,Self-adjusting robotic surgical instrument (35),"Patent 35 details an invention related to self adjusting robotic surgical instrument. The core claims involve a unique combination of [Technology A], [Technology B], and [Innovation Metric].",G06F,2023,1
US201800036,Quantum computing error correction method (36),"Patent 36 details an invention related to quantum computing error correction method. The core claims involve a unique combination of [Technology A], [Technology B], and [Innovation Metric].",A61B,2018,2
US201800037,Quantum computing error correction method (37),"Patent 37 details an invention related to quantum computing error correction method. The core claims involve a unique combination of [Technology A], [Technology B], and [Innovation Metric].",B60R,2018,5
US201900038,Blockchain authenticated supply chain ledger (38),"Patent 38 details an invention related to blockchain authenticated supply chain ledger. The core claims involve a unique combination of [Technology A], [Technology B], and [Innovation Metric].",F03D,2019,3
US201900039,Solar panel efficiency booster using graphene oxide (39),"Patent 39 details an invention related to solar panel efficiency booster using graphene oxide. The core claims involve a unique combination of [Technology A], [Technology B], and [Innovation Metric].",A61B,2019,8
US202300040,Electrostatic dust removal system for aerospace (40),"Patent 40 details an invention related to electrostatic dust removal system for aerospace. The core claims involve a unique combination of [Technology A], [Technology B], and [Innovation Metric].",H04L,2023,14
US202100041,Personalized digital twin for healthcare monitoring (41),"Patent 41 details an invention related to personalized digital twin for healthcare monitoring. The core claims involve a unique combination of [Technology A], [Technology B], and [Innovation Metric].",A61B,2021,2
US202400042,Decentralized autonomous organization (DAO) framework (42),"Patent 42 details an invention related to decentralized autonomous organization (dao) framework. The core claims involve a unique combination of [Technology A], [Technology B], and [Innovation Metric].",G06F,2024,5
US202000043,Haptic feedback virtual reality glove (43),"Patent 43 details an invention related to haptic feedback virtual reality glove. The core claims involve a unique combination of [Technology A], [Technology B], and [Innovation Metric].",H04L,2020,7
US201800044,Biometric security system using retinal scanning (44),"Patent 44 details an invention related to biometric security system using retinal scanning. The core claims involve a unique combination of [Technology A], [Technology B], and [Innovation Metric].",B60R,2018,1
US202100045,Predictive maintenance for wind turbines using edge AI (45),"Patent 45 details an invention related to predictive maintenance for wind turbines using edge ai. The core claims involve a unique combination of [Technology A], [Technology B], and [Innovation Metric].",H04L,2021,1
US202100046,Biometric security system using retinal scanning (46),"Patent 46 details an invention related to biometric security system using retinal scanning. The core claims involve a unique combination of [Technology A], [Technology B], and [Innovation Metric].",F03D,2021,4
US202300047,AI-driven dynamic energy allocation system (47),"Patent 47 details an invention related to ai driven dynamic energy allocation system. The core claims involve a unique combination of [Technology A], [Technology B], and [Innovation Metric].",H04L,2023,0
US202100048,Self-adjusting robotic surgical instrument (48),"Patent 48 details an invention related to self adjusting robotic surgical instrument. The core claims involve a unique combination of [Technology A], [Technology B], and [Innovation Metric].",F03D,2021,1
US202400049,Adaptive cooling technology for server farms (49),"Patent 49 details an invention related to adaptive cooling technology for server farms. The core claims involve a unique combination of [Technology A], [Technology B], and [Innovation Metric].",B60R,2024,12
US202000050,Advanced drone navigation via atmospheric monitoring (50),"Patent 50 details an invention related to advanced drone navigation via atmospheric monitoring. The core claims involve a unique combination of [Technology A], [Technology B], and [Innovation Metric].",G06F,2020,3
